book_price,book_title
0,
₹989,Ratan Tata : A Life
₹0,கோகுலத்தில் சீதை..! (Tamil Edition)
₹441,"Diary of a Wimpy Kid: Hot Mess (Book 19) (Diary of a Wimpy Kid, 19)"
₹228,Air Warriors: True Stories of Valour and Courage from the Indian Air Force
₹462,Behold the Leviathan: The Unusual Rise of Modern India
₹554,"SHAH RUKH KHAN : Legend, Icon, Star"
₹415,Prime Publication - Mahila va Bal Vikas Vibhag - ICDS - Anganwadi - Mukhya Sevika / Paryavekshika Sampurna Margadarshak - अंगणवाडी - मुख्य सेविका / पर्यवेक्षिका संपूर्ण मार्गदर्शक - By S. Amar - New Edition 2024 - 25
₹576,SURA`S Union Bank Local Bank Officer Exam Book Guide in English Medium 2025
₹567,2024: The Election that Surprised India
₹594,In Too Deep: (Jack Reacher 29)
₹439,SSC GD COMBO 2025 (GK+HINDI + MATHS +REASONING)
₹463,THE SHOWMAN
₹996,Tipu Sultan: The Saga of Mysore's Interregnum (1760–1799)
₹210,Wealth Unlocked The Science And Psychology Behind Money Book in Hindi
₹519,The Intelligent Investor : The Definitive Book on Value Investing (Third Edition)
0,Angreji Padhne Ka Ramban Trick | English Reading Spelling Book | Phonics Book | Pronunciation Book | Spelling Rules by Sanjeev Kijani
0,
₹0,CISSP Practice Exams With Real-World Case Studies : Master the CISSP Exam Quickly with Real-Life Scenarios and 400+ Test Questions — No Overwhelming Theory (The CISSP Success Series Book 2)
₹0,"How To Start a Business for Beginners: 5 in 1 - Discover Profitable Side Hustle Ideas, Tools, and Techniques to Start Earning More, Saving More, and Living ... Always Wanted (Start Your Business Book 6)"
₹576,"My First Box of Books (Penguin Early Learning Library): A Boxset of 12 Illustrated Board Books for Kids, Toddlers"
₹225,Smart Study - Anganwadi Paryavekshika 29 Prashnapatrika Sanch - अंगणवाडी पर्यवेक्षिका 29 प्रश्नपत्रिका संच - 2013 to 2023 - New Edition 2024 - 25
₹275,Pulasa
₹200,Hindi poetry book Bas Yun Hi
₹144,"Introduction To Tantra Sastra | Sir John Woodroffe | Arthur Avalon Books | Sir John George Woodroffe | Sir John Woodroffe (Arthur Avalon) | Shastra Book in English | तंत्र शास्त्र तंत्रशास्त्र | Esoteric Teachings | Mantra Yantra of Sri Vidya | The Serpent Power | Principles of Tantra | The Garland of Letters | Shri Vijnana Bhairava Tantra The Ascent | Shakti and Shakta | Mahanirvana Tantra | Sadhana Bhairav Vigyan Prayog Prabhav Siddhi | Self-Realization, Spiritual Wisdom, Consciousness Hindu Meditation | तंत्र मंत्र साधना यंत्र सिद्धि तंत्रसार तंत्र सार बुक किताब"
₹499,Tatyancha Thokla - MPSC - PSI - STI - ASO - Maharashtra Arajpatrit Seva Gat B / Gat K - By Eknath Patil ( Tatya ) - तात्यांचा ठोकळा - एकनाथ पाटील ( तात्या ) - महाराष्ट्र अराजपत्रित सेवा गट 'ब' व गट 'क' - Spardha Vishwa Prakashan - New 32th Edition 2025
₹200,Maa (Mother) Poems Books in Hindi
₹150,This Book has Poetry in it
₹390,Vijaypath Publication - Anganwadi Mukhyasevika / Paryavekshika Tantrik Diary - अंगणवाडी मुख्यसेविका / पर्यवेक्षिका तांत्रिक डायरी - New Edition 2024 - 25
₹0,"Natural Energy Boost : Boost energy, focus, and well-being with practical nutrition, exercise, and mindfulness strategies."
₹319,"Rich Dad Poor Dad by Robert T. Kiyosaki, Personal Finance Book, 20 Years Anniversary Edition, 9 New Study Sessions"
₹249,CTET Hindi Brahmastra Book | CTET PAPER I & II | भाषा एवं शिक्षाशास्त्र । | Adhyayan Mantra | Rohit Vaidwan । हिंदी ब्रह्मास्त्र बुक for CTET & TET EXAM
₹220,dnyaneshwar patil-gurukul prabodhini- mumbai mahanagarpalika adhiniyam/bmc act 1888.
₹250,"Mrityu Jakhan Dubar Ase : Rudra Priyam Series | Death Comes Twice, Blending Science, History Written By Debarati Mukhopadhyay"
book_price,book_title
989.0,Ratan Tata : A Life
228.0,Air Warriors: True Stories of Valour and Courage from the Indian Air Force
441.0,"Diary of a Wimpy Kid: Hot Mess (Book 19) (Diary of a Wimpy Kid, 19)"
594.0,In Too Deep: (Jack Reacher 29)
576.0,SURA`S Union Bank Local Bank Officer Exam Book Guide in English Medium 2025
462.0,Behold the Leviathan: The Unusual Rise of Modern India
519.0,The Intelligent Investor : The Definitive Book on Value Investing (Third Edition)
463.0,THE SHOWMAN
425.0,ICDS Anganwadi Mukhyasevika / Paryavekshika | एकात्मिक बालविकास सेवा योजना ICDS अंगणवाडी मुख्यसेविका / पर्यवेक्षिका
617.0,A Modern Approach to Verbal & Non-Verbal Reasoning by Dr. R.S. Aggarwal
554.0,"SHAH RUKH KHAN : Legend, Icon, Star"
415.0,Prime Publication - Mahila va Bal Vikas Vibhag - ICDS - Anganwadi - Mukhya Sevika / Paryavekshika Sampurna Margadarshak - अंगणवाडी - मुख्य सेविका / पर्यवेक्षिका संपूर्ण मार्गदर्शक - By S. Amar - New Edition 2024 - 25
320.0,"From Anger to Love: A Collaboration Spanning The Fields Of Science, Psychology And Contemplative Traditions"
200.0,Maa (Mother) Poems Books in Hindi
996.0,Tipu Sultan: The Saga of Mysore's Interregnum (1760–1799)
0.0,"Natural Energy Boost : Boost energy, focus, and well-being with practical nutrition, exercise, and mindfulness strategies."
200.0,Hindi poetry book Bas Yun Hi
431.0,"Games Untold: (The Inheritance Games, 5)"
567.0,2024: The Election that Surprised India
225.0,The Drowning: A Buried Truth. A Resurfaced Fear.
250.0,"Mrityu Jakhan Dubar Ase : Rudra Priyam Series | Death Comes Twice, Blending Science, History Written By Debarati Mukhopadhyay"
239.0,CTET | Complete Pedagogy Book | Paper-1 & Paper-2 | Hindi Medium & Shiksha Shastra | Dheeraj Dwivedi | Invincible
0.0,கவறின் தவறேல்: Kavarin thavarael (Tamil Edition)
0.0,Why You Can't Hold Eye Contact for Longer: From a yogi perspective
374.0,Out of Madness
0.0,Think & Be A Millionaire
210.0,Wealth Unlocked The Science And Psychology Behind Money Book in Hindi
179.0,Karthika Puranam in Telugu
415.0,The Secret by Rhonda Byrne in English New Edition
439.0,SSC GD COMBO 2025 (GK+HINDI + MATHS +REASONING)
